building_id,xml_filename,OccupancyClassification,BuildingName,FloorArea(ft2),YearBuilt
PrimClass_Everett,PrimClass_Everett.xml,Office,Building PrimClass_Everett,105530,
UnivClass_Clifford,UnivClass_Clifford.xml,Office,Building UnivClass_Clifford,56969,1967
Office_Elizabeth,Office_Elizabeth.xml,Office,Building Office_Elizabeth,294651,
Office_Ellie,Office_Ellie.xml,Office,Building Office_Ellie,496517,
PrimClass_Elisabeth,PrimClass_Elisabeth.xml,Office,Building PrimClass_Elisabeth,233062,
Office_Cristina,Office_Cristina.xml,Office,Building Office_Cristina,92271,2001
PrimClass_Jolie,PrimClass_Jolie.xml,Office,Building PrimClass_Jolie,31505.9353,
PrimClass_Jaylin,PrimClass_Jaylin.xml,Office,Building PrimClass_Jaylin,47070.5347,1945
Office_Jesus,Office_Jesus.xml,Office,Building Office_Jesus,42646.5718,
PrimClass_Esmeralda,PrimClass_Esmeralda.xml,Office,Building PrimClass_Esmeralda,276443,
PrimClass_Eoghan,PrimClass_Eoghan.xml,Office,Building PrimClass_Eoghan,315404,
PrimClass_Edwin,PrimClass_Edwin.xml,Office,Building PrimClass_Edwin,77247,
PrimClass_Eli,PrimClass_Eli.xml,Office,Building PrimClass_Eli,108405,
PrimClass_Ethel,PrimClass_Ethel.xml,Office,Building PrimClass_Ethel,92032,
PrimClass_Ernesto,PrimClass_Ernesto.xml,Office,Building PrimClass_Ernesto,72333,
PrimClass_Emanuela,PrimClass_Emanuela.xml,Office,Building PrimClass_Emanuela,95132,
PrimClass_Emilio,PrimClass_Emilio.xml,Office,Building PrimClass_Emilio,105215,
PrimClass_Eleanor,PrimClass_Eleanor.xml,Office,Building PrimClass_Eleanor,81681,
PrimClass_Ezekiel,PrimClass_Ezekiel.xml,Office,Building PrimClass_Ezekiel,153699,
PrimClass_Elliott,PrimClass_Elliott.xml,Office,Building PrimClass_Elliott,217241,
PrimClass_Ellen,PrimClass_Ellen.xml,Office,Building PrimClass_Ellen,79503,
PrimClass_Evie,PrimClass_Evie.xml,Office,Building PrimClass_Evie,197266,
PrimClass_Elijah,PrimClass_Elijah.xml,Office,Building PrimClass_Elijah,94150,
PrimClass_Ezra,PrimClass_Ezra.xml,Office,Building PrimClass_Ezra,92179,
PrimClass_Edmund,PrimClass_Edmund.xml,Office,Building PrimClass_Edmund,86867,
PrimClass_Eva,PrimClass_Eva.xml,Office,Building PrimClass_Eva,132737,
Office_Erik,Office_Erik.xml,Office,Building Office_Erik,126205,
PrimClass_Ebony,PrimClass_Ebony.xml,Office,Building PrimClass_Ebony,175537,
PrimClass_Ethan,PrimClass_Ethan.xml,Office,Building PrimClass_Ethan,80224,
PrimClass_Elmer,PrimClass_Elmer.xml,Office,Building PrimClass_Elmer,97901,
PrimClass_Ervin,PrimClass_Ervin.xml,Office,Building PrimClass_Ervin,117074,
PrimClass_Uma,PrimClass_Uma.xml,Office,Building PrimClass_Uma,107639,
UnivClass_Tamra,UnivClass_Tamra.xml,Office,Building UnivClass_Tamra,5389.48473,
PrimClass_Ernest,PrimClass_Ernest.xml,Office,Building PrimClass_Ernest,129663,
PrimClass_Emily,PrimClass_Emily.xml,Office,Building PrimClass_Emily,274418,
Office_Evelyn,Office_Evelyn.xml,Office,Building Office_Evelyn,1675720,
PrimClass_Jayla,PrimClass_Jayla.xml,Office,Building PrimClass_Jayla,22948.6348,1976
Office_Emer,Office_Emer.xml,Office,Building Office_Emer,191554,
PrimClass_Janiya,PrimClass_Janiya.xml,Office,Building PrimClass_Janiya,31613.5743,1976
PrimClass_Umar,PrimClass_Umar.xml,Office,Building PrimClass_Umar,129166.8,
Office_Elena,Office_Elena.xml,Office,Building Office_Elena,169420,
PrimClass_Janice,PrimClass_Janice.xml,Office,Building PrimClass_Janice,23163.9128,1976
Office_Jett,Office_Jett.xml,Office,Building Office_Jett,7879.1748,
UnivDorm_Una,UnivDorm_Una.xml,Lodging,Building UnivDorm_Una,129166.8,
UnivLab_Paul,UnivLab_Paul.xml,Office,Building UnivLab_Paul,477724,
Office_Jerry,Office_Jerry.xml,Office,Building Office_Jerry,16597.9338,
Office_Eileen,Office_Eileen.xml,Office,Building Office_Eileen,318130,
PrimClass_Uriah,PrimClass_Uriah.xml,Office,Building PrimClass_Uriah,129166.8,
PrimClass_Ulysses,PrimClass_Ulysses.xml,Office,Building PrimClass_Ulysses,129166.8,
Office_Lesa,Office_Lesa.xml,Office,Building Office_Lesa,47727.1326,1928
UnivDorm_Claudia,UnivDorm_Claudia.xml,Lodging,Building UnivDorm_Claudia,96336,1913
Office_Emerald,Office_Emerald.xml,Office,Building Office_Emerald,476246,
Office_Ellis,Office_Ellis.xml,Office,Building Office_Ellis,428277,
UnivClass_Tammy,UnivClass_Tammy.xml,Office,Building UnivClass_Tammy,350333.7297,
PrimClass_Jaden,PrimClass_Jaden.xml,Office,Building PrimClass_Jaden,27684.7508,
Office_Elliot,Office_Elliot.xml,Office,Building Office_Elliot,185847,
PrimClass_Jermaine,PrimClass_Jermaine.xml,Office,Building PrimClass_Jermaine,23185.4406,1966
PrimClass_Josephine,PrimClass_Josephine.xml,Office,Building PrimClass_Josephine,42883.3776,1976
Office_Eddie,Office_Eddie.xml,Office,Building Office_Eddie,179665,
Office_Jackie,Office_Jackie.xml,Office,Building Office_Jackie,12206.2626,
UnivDorm_Carla,UnivDorm_Carla.xml,Lodging,Building UnivDorm_Carla,40629,1975
UnivClass_Camden,UnivClass_Camden.xml,Office,Building UnivClass_Camden,31415,1912
PrimClass_Javier,PrimClass_Javier.xml,Office,Building PrimClass_Javier,20203.8403,
PrimClass_Jeanette,PrimClass_Jeanette.xml,Office,Building PrimClass_Jeanette,23486.8298,1966
PrimClass_Julius,PrimClass_Julius.xml,Office,Building PrimClass_Julius,95432.7374,1966
PrimClass_Jaylinn,PrimClass_Jaylinn.xml,Office,Building PrimClass_Jaylinn,31635.1021,1966
PrimClass_Johanna,PrimClass_Johanna.xml,Office,Building PrimClass_Johanna,28190.6541,
PrimClass_Jodie,PrimClass_Jodie.xml,Office,Building PrimClass_Jodie,27663.223,1966
PrimClass_Johnathan,PrimClass_Johnathan.xml,Office,Building PrimClass_Johnathan,30300.3785,1966
PrimClass_Janis,PrimClass_Janis.xml,Office,Building PrimClass_Janis,7922.2304,1966
PrimClass_Jamal,PrimClass_Jamal.xml,Office,Building PrimClass_Jamal,25133.7065,1966
PrimClass_Jose,PrimClass_Jose.xml,Office,Building PrimClass_Jose,12087.8597,
PrimClass_Julianna,PrimClass_Julianna.xml,Office,Building PrimClass_Julianna,34562.8829,1966
PrimClass_Jasmine,PrimClass_Jasmine.xml,Office,Building PrimClass_Jasmine,27501.7645,
PrimClass_Jazmine,PrimClass_Jazmine.xml,Office,Building PrimClass_Jazmine,22184.3979,
PrimClass_Justin,PrimClass_Justin.xml,Office,Building PrimClass_Justin,14025.3617,1966
Office_Marla,Office_Marla.xml,Office,Building Office_Marla,33401,
PrimClass_Jody,PrimClass_Jody.xml,Office,Building PrimClass_Jody,26027.1102,
PrimClass_Julianne,PrimClass_Julianne.xml,Office,Building PrimClass_Julianne,25865.6517,
PrimClass_Justice,PrimClass_Justice.xml,Office,Building PrimClass_Justice,126045.269,1966
UnivClass_Craig,UnivClass_Craig.xml,Office,Building UnivClass_Craig,23232,1871
PrimClass_Jean,PrimClass_Jean.xml,Office,Building PrimClass_Jean,28825.7242,
PrimClass_Jenna,PrimClass_Jenna.xml,Office,Building PrimClass_Jenna,11603.4842,1945
PrimClass_Judith,PrimClass_Judith.xml,Office,Building PrimClass_Judith,12970.4995,1976
PrimClass_Jessie,PrimClass_Jessie.xml,Office,Building PrimClass_Jessie,33981.6323,1976
PrimClass_Joselyn,PrimClass_Joselyn.xml,Office,Building PrimClass_Joselyn,31871.9079,
UnivLab_Bethany,UnivLab_Bethany.xml,Office,Building UnivLab_Bethany,203787,1999
PrimClass_Judy,PrimClass_Judy.xml,Office,Building PrimClass_Judy,11463.5535,
PrimClass_Jarrett,PrimClass_Jarrett.xml,Office,Building PrimClass_Jarrett,29148.6412,
PrimClass_Jeannine,PrimClass_Jeannine.xml,Office,Building PrimClass_Jeannine,137045.9748,1966
PrimClass_Jeff,PrimClass_Jeff.xml,Office,Building PrimClass_Jeff,11689.5954,1976
PrimClass_Julian,PrimClass_Julian.xml,Office,Building PrimClass_Julian,18696.8943,
PrimClass_Jeanine,PrimClass_Jeanine.xml,Office,Building PrimClass_Jeanine,32194.8249,
UnivClass_Jadon,UnivClass_Jadon.xml,Office,Building UnivClass_Jadon,109070.5987,1966
Office_Maryann,Office_Maryann.xml,Office,Building Office_Maryann,20864,
UnivClass_Boyd,UnivClass_Boyd.xml,Office,Building UnivClass_Boyd,57600,1948
PrimClass_Jerome,PrimClass_Jerome.xml,Office,Building PrimClass_Jerome,88855.9945,
PrimClass_Jacqueline,PrimClass_Jacqueline.xml,Office,Building PrimClass_Jacqueline,29891.3503,1966
PrimClass_Jill,PrimClass_Jill.xml,Office,Building PrimClass_Jill,24089.6082,
PrimClass_Jim,PrimClass_Jim.xml,Office,Building PrimClass_Jim,10914.5946,1976
Office_Myron,Office_Myron.xml,Office,Building Office_Myron,92994,
PrimClass_Janet,PrimClass_Janet.xml,Office,Building PrimClass_Janet,93764.3329,1945
PrimClass_Janie,PrimClass_Janie.xml,Office,Building PrimClass_Janie,18201.7549,
PrimClass_Jensen,PrimClass_Jensen.xml,Office,Building PrimClass_Jensen,35768.4397,1966
PrimClass_Jeffrey,PrimClass_Jeffrey.xml,Office,Building PrimClass_Jeffrey,13788.5559,
Office_Conrad,Office_Conrad.xml,Office,Building Office_Conrad,21618,1887
UnivDorm_Prince,UnivDorm_Prince.xml,Lodging,Building UnivDorm_Prince,87661,
PrimClass_Jennifer,PrimClass_Jennifer.xml,Office,Building PrimClass_Jennifer,23293.0796,
UnivClass_Therese,UnivClass_Therese.xml,Office,Building UnivClass_Therese,5119.31084,
PrimClass_Jesse,PrimClass_Jesse.xml,Office,Building PrimClass_Jesse,15801.4052,1976
Office_Mick,Office_Mick.xml,Office,Building Office_Mick,84365,
PrimClass_Jaxson,PrimClass_Jaxson.xml,Office,Building PrimClass_Jaxson,128682.4245,1966
PrimClass_Jimmie,PrimClass_Jimmie.xml,Office,Building PrimClass_Jimmie,37264.6218,
Office_Jayden,Office_Jayden.xml,Office,Building Office_Jayden,11872.5817,1966
UnivDorm_Chelsey,UnivDorm_Chelsey.xml,Lodging,Building UnivDorm_Chelsey,40492,1975
PrimClass_Jayda,PrimClass_Jayda.xml,Office,Building PrimClass_Jayda,23842.0385,1945
UnivDorm_Christopher,UnivDorm_Christopher.xml,Lodging,Building UnivDorm_Christopher,41302,1975
PrimClass_Jocelyn,PrimClass_Jocelyn.xml,Office,Building PrimClass_Jocelyn,14972.5849,1976
PrimClass_Jeffery,PrimClass_Jeffery.xml,Office,Building PrimClass_Jeffery,120566.4439,1945
UnivDorm_Cheyenne,UnivDorm_Cheyenne.xml,Lodging,Building UnivDorm_Cheyenne,61439,1903
UnivDorm_Patti,UnivDorm_Patti.xml,Lodging,Building UnivDorm_Patti,48519,
PrimClass_Jayson,PrimClass_Jayson.xml,Office,Building PrimClass_Jayson,139112.6436,1976
UnivLab_Crystal,UnivLab_Crystal.xml,Office,Building UnivLab_Crystal,124521,1967
UnivDorm_Jeannette,UnivDorm_Jeannette.xml,Lodging,Building UnivDorm_Jeannette,7588.5495,
Office_Moises,Office_Moises.xml,Office,Building Office_Moises,37096,
PrimClass_Jennie,PrimClass_Jennie.xml,Office,Building PrimClass_Jennie,28976.4188,
PrimClass_Jonathon,PrimClass_Jonathon.xml,Office,Building PrimClass_Jonathon,121470.6115,1966
UnivDorm_Christi,UnivDorm_Christi.xml,Lodging,Building UnivDorm_Christi,41236,1975
PrimClass_Jaqueline,PrimClass_Jaqueline.xml,Office,Building PrimClass_Jaqueline,23605.2327,1976
UnivClass_Amari,UnivClass_Amari.xml,Office,Building UnivClass_Amari,179167,1971
Office_Tod,Office_Tod.xml,Office,Building Office_Tod,18103.80341,
PrimClass_Jeremy,PrimClass_Jeremy.xml,Office,Building PrimClass_Jeremy,23153.1489,1976
PrimClass_Josue,PrimClass_Josue.xml,Office,Building PrimClass_Josue,17050.0176,1966
UnivDorm_Marlene,UnivDorm_Marlene.xml,Lodging,Building UnivDorm_Marlene,230747,
UnivClass_Teri,UnivClass_Teri.xml,Office,Building UnivClass_Teri,137744.5519,
PrimClass_Julio,PrimClass_Julio.xml,Office,Building PrimClass_Julio,94657.7366,1976
UnivDorm_Cheri,UnivDorm_Cheri.xml,Lodging,Building UnivDorm_Cheri,168791,1946
UnivDorm_Lorraine,UnivDorm_Lorraine.xml,Lodging,Building UnivDorm_Lorraine,62893.4677,1960
PrimClass_Jacquelyn,PrimClass_Jacquelyn.xml,Office,Building PrimClass_Jacquelyn,17189.9483,
PrimClass_Juanita,PrimClass_Juanita.xml,Office,Building PrimClass_Juanita,30612.5316,
PrimClass_Joel,PrimClass_Joel.xml,Office,Building PrimClass_Joel,13939.2505,1976
Office_Marcus,Office_Marcus.xml,Office,Building Office_Marcus,72709,
UnivClass_Candy,UnivClass_Candy.xml,Office,Building UnivClass_Candy,124289,1904
PrimClass_Joey,PrimClass_Joey.xml,Office,Building PrimClass_Joey,155807.4525,2013
UnivDorm_Celeste,UnivDorm_Celeste.xml,Lodging,Building UnivDorm_Celeste,166814,1929
UnivClass_Shawna,UnivClass_Shawna.xml,Office,Building UnivClass_Shawna,15715.294,1948
PrimClass_Joanna,PrimClass_Joanna.xml,Office,Building PrimClass_Joanna,102429.2724,1945
UnivClass_Ariana,UnivClass_Ariana.xml,Office,Building UnivClass_Ariana,44203,1950
PrimClass_Jediah,PrimClass_Jediah.xml,Office,Building PrimClass_Jediah,68695.2098,1966
Office_Bobbi,Office_Bobbi.xml,Office,Building Office_Bobbi,137297,1917
Office_Georgia,Office_Georgia.xml,Office,Building Office_Georgia,33960.1045,1900
PrimClass_Janelle,PrimClass_Janelle.xml,Office,Building PrimClass_Janelle,12927.4439,1976
Office_Skyler,Office_Skyler.xml,Office,Building Office_Skyler,16985.4342,1978
Office_Marc,Office_Marc.xml,Office,Building Office_Marc,47578,
Office_Mary,Office_Mary.xml,Office,Building Office_Mary,56569,
UnivDorm_Payton,UnivDorm_Payton.xml,Lodging,Building UnivDorm_Payton,93313,
Office_Ayesha,Office_Ayesha.xml,Office,Building Office_Ayesha,131797,1968
PrimClass_Jane,PrimClass_Jane.xml,Office,Building PrimClass_Jane,121061.5833,1976
PrimClass_Jon,PrimClass_Jon.xml,Office,Building PrimClass_Jon,17103.8371,1966
UnivDorm_Patty,UnivDorm_Patty.xml,Lodging,Building UnivDorm_Patty,93500,
UnivDorm_Adan,UnivDorm_Adan.xml,Lodging,Building UnivDorm_Adan,216526,1967
Office_Monty,Office_Monty.xml,Office,Building Office_Monty,80205,
UnivLab_Clint,UnivLab_Clint.xml,Office,Building UnivLab_Clint,18342,1960
PrimClass_Jake,PrimClass_Jake.xml,Office,Building PrimClass_Jake,15413.9048,
Office_Joan,Office_Joan.xml,Office,Building Office_Joan,19428.8395,1945
UnivLab_Cesar,UnivLab_Cesar.xml,Office,Building UnivLab_Cesar,9552,1961
UnivDorm_Cian,UnivDorm_Cian.xml,Lodging,Building UnivDorm_Cian,20291,1925
PrimClass_Johnnie,PrimClass_Johnnie.xml,Office,Building PrimClass_Johnnie,19041.3391,
Office_Marlon,Office_Marlon.xml,Office,Building Office_Marlon,28991,
UnivDorm_Curtis,UnivDorm_Curtis.xml,Lodging,Building UnivDorm_Curtis,39538,1953
UnivDorm_Leonard,UnivDorm_Leonard.xml,Lodging,Building UnivDorm_Leonard,83108.0719,1995
Office_Javon,Office_Javon.xml,Office,Building Office_Javon,7416.3271,
UnivClass_Pete,UnivClass_Pete.xml,Office,Building UnivClass_Pete,80325,
PrimClass_Johnathon,PrimClass_Johnathon.xml,Office,Building PrimClass_Johnathon,24251.0667,1966
Office_Jeanne,Office_Jeanne.xml,Office,Building Office_Jeanne,4650.0048,
PrimClass_Jamie,PrimClass_Jamie.xml,Office,Building PrimClass_Jamie,160037.6652,1966
Office_Pamela,Office_Pamela.xml,Office,Building Office_Pamela,42129,
Office_Allyson,Office_Allyson.xml,Office,Building Office_Allyson,28750,
PrimClass_Jacob,PrimClass_Jacob.xml,Office,Building PrimClass_Jacob,66187.2211,
Office_Amelie,Office_Amelie.xml,Office,Building Office_Amelie,42214,1985
UnivDorm_Patrice,UnivDorm_Patrice.xml,Lodging,Building UnivDorm_Patrice,44352,
UnivClass_Alexander,UnivClass_Alexander.xml,Office,Building UnivClass_Alexander,78268,1964
Office_Maximus,Office_Maximus.xml,Office,Building Office_Maximus,131745,
Office_Ava,Office_Ava.xml,Office,Building Office_Ava,29778,
Office_Michael,Office_Michael.xml,Office,Building Office_Michael,119509,
Office_Caleb,Office_Caleb.xml,Office,Building Office_Caleb,87977,1947
Office_Scottie,Office_Scottie.xml,Office,Building Office_Scottie,24681.6227,1970
Office_Cecelia,Office_Cecelia.xml,Office,Building Office_Cecelia,11524,1994
Office_Nelson,Office_Nelson.xml,Office,Building Office_Nelson,92121,
PrimClass_Angela,PrimClass_Angela.xml,Office,Building PrimClass_Angela,16744,
Office_Abbey,Office_Abbey.xml,Office,Building Office_Abbey,74180,1930
UnivDorm_Candace,UnivDorm_Candace.xml,Lodging,Building UnivDorm_Candace,18277,1965
UnivDorm_Clayton,UnivDorm_Clayton.xml,Lodging,Building UnivDorm_Clayton,98624,1866
UnivDorm_Ahmad,UnivDorm_Ahmad.xml,Lodging,Building UnivDorm_Ahmad,49108,1951
UnivClass_Armando,UnivClass_Armando.xml,Office,Building UnivClass_Armando,25139,1970
UnivDorm_April,UnivDorm_April.xml,Lodging,Building UnivDorm_April,553210,2009
Office_John,Office_John.xml,Office,Building Office_John,152470.6435,
Office_Moses,Office_Moses.xml,Office,Building Office_Moses,87187,
UnivDorm_Corey,UnivDorm_Corey.xml,Lodging,Building UnivDorm_Corey,48881,1902
Office_Martha,Office_Martha.xml,Office,Building Office_Martha,94988,
UnivClass_Anamaria,UnivClass_Anamaria.xml,Office,Building UnivClass_Anamaria,49078,1914
UnivDorm_Cooper,UnivDorm_Cooper.xml,Lodging,Building UnivDorm_Cooper,133594,1961
UnivClass_Andy,UnivClass_Andy.xml,Office,Building UnivClass_Andy,12773,
UnivClass_Archie,UnivClass_Archie.xml,Office,Building UnivClass_Archie,75650,
Office_Mercedes,Office_Mercedes.xml,Office,Building Office_Mercedes,59476,
UnivClass_Stuart,UnivClass_Stuart.xml,Office,Building UnivClass_Stuart,45305.2551,1965
Office_Mat,Office_Mat.xml,Office,Building Office_Mat,53077,
Office_Clifton,Office_Clifton.xml,Office,Building Office_Clifton,31316,1913
UnivLab_Cindy,UnivLab_Cindy.xml,Office,Building UnivLab_Cindy,116854,1978
UnivLab_Neil,UnivLab_Neil.xml,Office,Building UnivLab_Neil,27145,
Office_Marilyn,Office_Marilyn.xml,Office,Building Office_Marilyn,52748,
UnivDorm_Malachi,UnivDorm_Malachi.xml,Lodging,Building UnivDorm_Malachi,117054,
UnivDorm_Mathew,UnivDorm_Mathew.xml,Lodging,Building UnivDorm_Mathew,177550,
UnivDorm_Ashleigh,UnivDorm_Ashleigh.xml,Lodging,Building UnivDorm_Ashleigh,32841,1935
Office_Malik,Office_Malik.xml,Office,Building Office_Malik,67839,
UnivClass_Sam,UnivClass_Sam.xml,Office,Building UnivClass_Sam,61709.4387,1966
UnivClass_Alec,UnivClass_Alec.xml,Office,Building UnivClass_Alec,4314,1907
UnivClass_Alvin,UnivClass_Alvin.xml,Office,Building UnivClass_Alvin,95944,1961
Office_Alyson,Office_Alyson.xml,Office,Building Office_Alyson,155682,
Office_Benjamin,Office_Benjamin.xml,Office,Building Office_Benjamin,75488,1948
UnivDorm_Piper,UnivDorm_Piper.xml,Lodging,Building UnivDorm_Piper,82911,
UnivDorm_Colton,UnivDorm_Colton.xml,Lodging,Building UnivDorm_Colton,19876,1932
UnivDorm_Paola,UnivDorm_Paola.xml,Lodging,Building UnivDorm_Paola,278795,
UnivLab_Miles,UnivLab_Miles.xml,Office,Building UnivLab_Miles,142672,
UnivDorm_Lawrence,UnivDorm_Lawrence.xml,Lodging,Building UnivDorm_Lawrence,64723.3307,1960
UnivClass_Sheila,UnivClass_Sheila.xml,Office,Building UnivClass_Sheila,61246.591,1960
UnivDorm_Alonzo,UnivDorm_Alonzo.xml,Lodging,Building UnivDorm_Alonzo,36406,1940
UnivClass_Beatrice,UnivClass_Beatrice.xml,Office,Building UnivClass_Beatrice,56602,1923
Office_Mohammed,Office_Mohammed.xml,Office,Building Office_Mohammed,98212,
UnivDorm_Chester,UnivDorm_Chester.xml,Lodging,Building UnivDorm_Chester,65999,1975
UnivLab_Tami,UnivLab_Tami.xml,Office,Building UnivLab_Tami,73981.36109,
Office_Bianca,Office_Bianca.xml,Office,Building Office_Bianca,57343,1905
UnivDorm_Phillip,UnivDorm_Phillip.xml,Lodging,Building UnivDorm_Phillip,47007,
UnivDorm_Mitch,UnivDorm_Mitch.xml,Lodging,Building UnivDorm_Mitch,74584,
UnivDorm_Casey,UnivDorm_Casey.xml,Lodging,Building UnivDorm_Casey,24103,1964
UnivClass_Colette,UnivClass_Colette.xml,Office,Building UnivClass_Colette,40461,2002
Office_Benthe,Office_Benthe.xml,Office,Building Office_Benthe,236242,1962
Office_Gemma,Office_Gemma.xml,Office,Building Office_Gemma,820241.4717,1875
UnivDorm_Leticia,UnivDorm_Leticia.xml,Lodging,Building UnivDorm_Leticia,102773.7172,1956
Office_Micheal,Office_Micheal.xml,Office,Building Office_Micheal,121714,
UnivClass_Abraham,UnivClass_Abraham.xml,Office,Building UnivClass_Abraham,95717,2969
UnivDorm_Leslie,UnivDorm_Leslie.xml,Lodging,Building UnivDorm_Leslie,66531.6659,1967
UnivDorm_Poppy,UnivDorm_Poppy.xml,Lodging,Building UnivDorm_Poppy,113000,
Office_Corbin,Office_Corbin.xml,Office,Building Office_Corbin,40611,1866
Office_Aubrey,Office_Aubrey.xml,Office,Building Office_Aubrey,23549,1941
Office_Autumn,Office_Autumn.xml,Office,Building Office_Autumn,163959,2004
Office_Abigail,Office_Abigail.xml,Office,Building Office_Abigail,9703,1940
Office_Mark,Office_Mark.xml,Office,Building Office_Mark,96612,
UnivDorm_Lysander,UnivDorm_Lysander.xml,Lodging,Building UnivDorm_Lysander,102956.7035,1968
UnivClass_Christian,UnivClass_Christian.xml,Office,Building UnivClass_Christian,50567,1880
UnivClass_Alexandra,UnivClass_Alexandra.xml,Office,Building UnivClass_Alexandra,282946,2003
UnivLab_Tracie,UnivLab_Tracie.xml,Office,Building UnivLab_Tracie,648094.419,
UnivClass_Philip,UnivClass_Philip.xml,Office,Building UnivClass_Philip,30531,
UnivDorm_Antonio,UnivDorm_Antonio.xml,Lodging,Building UnivDorm_Antonio,30949,1951
UnivDorm_Malcolm,UnivDorm_Malcolm.xml,Lodging,Building UnivDorm_Malcolm,174924,
Office_Travis,Office_Travis.xml,Office,Building Office_Travis,99501.4916,
Office_Lena,Office_Lena.xml,Office,Building Office_Lena,31613.5743,1956
Office_Max,Office_Max.xml,Office,Building Office_Max,71936,
UnivClass_Allen,UnivClass_Allen.xml,Office,Building UnivClass_Allen,62238,1970
UnivDorm_Ciaran,UnivDorm_Ciaran.xml,Lodging,Building UnivDorm_Ciaran,136522,2005
UnivClass_Pandora,UnivClass_Pandora.xml,Office,Building UnivClass_Pandora,58307,
Office_Gustavo,Office_Gustavo.xml,Office,Building Office_Gustavo,242930.4591,
UnivDorm_Alyssa,UnivDorm_Alyssa.xml,Lodging,Building UnivDorm_Alyssa,111304,1964
UnivClass_Axel,UnivClass_Axel.xml,Office,Building UnivClass_Axel,24586,
UnivDorm_Phoebe,UnivDorm_Phoebe.xml,Lodging,Building UnivDorm_Phoebe,128044,
Office_Penny,Office_Penny.xml,Office,Building Office_Penny,37485,
Office_Garrett,Office_Garrett.xml,Office,Building Office_Garrett,11388.2062,1756
UnivLab_Terrie,UnivLab_Terrie.xml,Office,Building UnivLab_Terrie,86436.26978,
UnivLab_Tracy,UnivLab_Tracy.xml,Office,Building UnivLab_Tracy,64246.48993,
UnivClass_Phyllis,UnivClass_Phyllis.xml,Office,Building UnivClass_Phyllis,13512,
UnivDorm_Marquis,UnivDorm_Marquis.xml,Lodging,Building UnivDorm_Marquis,233341,
PrimClass_Jazmin,PrimClass_Jazmin.xml,Office,Building PrimClass_Jazmin,11269.8033,1976
UnivClass_Seb,UnivClass_Seb.xml,Office,Building UnivClass_Seb,65024.7199,1975
Office_Annika,Office_Annika.xml,Office,Building Office_Annika,23392,
Office_Shawnette,Office_Shawnette.xml,Office,Building Office_Shawnette,64152.844,1968
Office_Cody,Office_Cody.xml,Office,Building Office_Cody,84615,1963
PrimClass_Jaiden,PrimClass_Jaiden.xml,Office,Building PrimClass_Jaiden,8729.5229,1976
Office_Charles,Office_Charles.xml,Office,Building Office_Charles,187041,1973
UnivDorm_Avery,UnivDorm_Avery.xml,Lodging,Building UnivDorm_Avery,86323,1956
UnivLab_Taylor,UnivLab_Taylor.xml,Office,Building UnivLab_Taylor,64940.76148,
UnivClass_Carl,UnivClass_Carl.xml,Office,Building UnivClass_Carl,180625,1933
Office_Pam,Office_Pam.xml,Office,Building Office_Pam,104667,
UnivClass_Conor,UnivClass_Conor.xml,Office,Building UnivClass_Conor,4298,
UnivLab_Lilly,UnivLab_Lilly.xml,Office,Building UnivLab_Lilly,38319.484,1900
UnivDorm_Mauricio,UnivDorm_Mauricio.xml,Lodging,Building UnivDorm_Mauricio,153299,
UnivClass_Maddison,UnivClass_Maddison.xml,Office,Building UnivClass_Maddison,14185,
UnivClass_Annmarie,UnivClass_Annmarie.xml,Office,Building UnivClass_Annmarie,137065,1964
Office_Asher,Office_Asher.xml,Office,Building Office_Asher,121440,1983
UnivDorm_Petar,UnivDorm_Petar.xml,Lodging,Building UnivDorm_Petar,35936,
UnivClass_Stephen,UnivClass_Stephen.xml,Office,Building UnivClass_Stephen,32367.0473,1938
UnivClass_Serenity,UnivClass_Serenity.xml,Office,Building UnivClass_Serenity,31118.4349,1994
Office_Mada,Office_Mada.xml,Office,Building Office_Mada,70852,
Office_Lillian,Office_Lillian.xml,Office,Building Office_Lillian,174601.2219,1960
Office_Al,Office_Al.xml,Office,Building Office_Al,118966,1988
UnivLab_Preston,UnivLab_Preston.xml,Office,Building UnivLab_Preston,39558,
Office_Clarissa,Office_Clarissa.xml,Office,Building Office_Clarissa,14744,1910
UnivClass_Nishka,UnivClass_Nishka.xml,Office,Building UnivClass_Nishka,57964,
Office_Andrea,Office_Andrea.xml,Office,Building Office_Andrea,33713,1956
UnivDorm_Mckenzie,UnivDorm_Mckenzie.xml,Lodging,Building UnivDorm_Mckenzie,157070,
UnivClass_Ayanna,UnivClass_Ayanna.xml,Office,Building UnivClass_Ayanna,71224,
UnivClass_Nickolas,UnivClass_Nickolas.xml,Office,Building UnivClass_Nickolas,100310,
UnivClass_Amya,UnivClass_Amya.xml,Office,Building UnivClass_Amya,30596,1999
UnivClass_Nathaniel,UnivClass_Nathaniel.xml,Office,Building UnivClass_Nathaniel,166151,
UnivDorm_Alka,UnivDorm_Alka.xml,Lodging,Building UnivDorm_Alka,212128,
Office_Pat,Office_Pat.xml,Office,Building Office_Pat,32766,
UnivClass_Charlie,UnivClass_Charlie.xml,Office,Building UnivClass_Charlie,91253,1888
UnivLab_Alexis,UnivLab_Alexis.xml,Office,Building UnivLab_Alexis,49384,1967
UnivClass_Alexandria,UnivClass_Alexandria.xml,Office,Building UnivClass_Alexandria,88486,
UnivClass_Annabella,UnivClass_Annabella.xml,Office,Building UnivClass_Annabella,111635,1989
UnivClass_Antoinette,UnivClass_Antoinette.xml,Office,Building UnivClass_Antoinette,34171,
UnivDorm_Cathal,UnivDorm_Cathal.xml,Lodging,Building UnivDorm_Cathal,78438,2004
Office_Marianne,Office_Marianne.xml,Office,Building Office_Marianne,99946,
UnivLab_Cedric,UnivLab_Cedric.xml,Office,Building UnivLab_Cedric,105612,1967
Office_Angelo,Office_Angelo.xml,Office,Building Office_Angelo,51732,1966
Office_Anastasia,Office_Anastasia.xml,Office,Building Office_Anastasia,148101,
Office_Marvin,Office_Marvin.xml,Office,Building Office_Marvin,10385,
Office_Glenda,Office_Glenda.xml,Office,Building Office_Glenda,60600.757,1906
UnivClass_Sylvia,UnivClass_Sylvia.xml,Office,Building UnivClass_Sylvia,49513.94,2000
UnivLab_Susan,UnivLab_Susan.xml,Office,Building UnivLab_Susan,16307.3085,2007
UnivClass_Peter,UnivClass_Peter.xml,Office,Building UnivClass_Peter,77263,
UnivClass_Aoibhe,UnivClass_Aoibhe.xml,Office,Building UnivClass_Aoibhe,244964,2008
UnivClass_Ciara,UnivClass_Ciara.xml,Office,Building UnivClass_Ciara,140488,1961
Office_Brian,Office_Brian.xml,Office,Building Office_Brian,77055,1917
UnivLab_Beth,UnivLab_Beth.xml,Office,Building UnivLab_Beth,172244,1963
UnivClass_Anya,UnivClass_Anya.xml,Office,Building UnivClass_Anya,7481,1969
Office_Maya,Office_Maya.xml,Office,Building Office_Maya,92099,
Office_Gisselle,Office_Gisselle.xml,Office,Building Office_Gisselle,1315596.15,
Office_Phebian,Office_Phebian.xml,Office,Building Office_Phebian,64818,
Office_Matthew,Office_Matthew.xml,Office,Building Office_Matthew,157545,
UnivClass_Bob,UnivClass_Bob.xml,Office,Building UnivClass_Bob,128540,1968
Office_Amelia,Office_Amelia.xml,Office,Building Office_Amelia,6203,1999
Office_Jan,Office_Jan.xml,Office,Building Office_Jan,36220.5235,
UnivClass_Alicia,UnivClass_Alicia.xml,Office,Building UnivClass_Alicia,84300,
Office_Madeleine,Office_Madeleine.xml,Office,Building Office_Madeleine,57394,
Office_Angelina,Office_Angelina.xml,Office,Building Office_Angelina,140345,
Office_Jackson,Office_Jackson.xml,Office,Building Office_Jackson,11442.0257,
Office_Melinda,Office_Melinda.xml,Office,Building Office_Melinda,35829,
Office_Catherine,Office_Catherine.xml,Office,Building Office_Catherine,115288,1957
UnivDorm_Carter,UnivDorm_Carter.xml,Lodging,Building UnivDorm_Carter,65663,1975
Office_Gloria,Office_Gloria.xml,Office,Building Office_Gloria,117380.3295,1890
UnivClass_Alexus,UnivClass_Alexus.xml,Office,Building UnivClass_Alexus,98829,1968
UnivDorm_Leann,UnivDorm_Leann.xml,Lodging,Building UnivDorm_Leann,49589.2873,1998
UnivClass_Anne,UnivClass_Anne.xml,Office,Building UnivClass_Anne,41179,
UnivDorm_Cornelius,UnivDorm_Cornelius.xml,Lodging,Building UnivDorm_Cornelius,83141,2006
Office_Sinead,Office_Sinead.xml,Office,Building Office_Sinead,11517.373,1989
Office_Megan,Office_Megan.xml,Office,Building Office_Megan,58703,
UnivClass_Alfredo,UnivClass_Alfredo.xml,Office,Building UnivClass_Alfredo,90903,
UnivClass_Conner,UnivClass_Conner.xml,Office,Building UnivClass_Conner,99774,1955
UnivClass_Nelly,UnivClass_Nelly.xml,Office,Building UnivClass_Nelly,164166,
UnivDorm_Alex,UnivDorm_Alex.xml,Lodging,Building UnivDorm_Alex,106440,1963
Office_Shari,Office_Shari.xml,Office,Building Office_Shari,11108.3448,1965
Office_Madisyn,Office_Madisyn.xml,Office,Building Office_Madisyn,25463,
Office_Natasha,Office_Natasha.xml,Office,Building Office_Natasha,112178,
UnivClass_Calvin,UnivClass_Calvin.xml,Office,Building UnivClass_Calvin,9111,1958
Office_Jude,Office_Jude.xml,Office,Building Office_Jude,270033.9593,
UnivLab_Aniya,UnivLab_Aniya.xml,Office,Building UnivLab_Aniya,71421,
UnivDorm_Alphonso,UnivDorm_Alphonso.xml,Lodging,Building UnivDorm_Alphonso,60086,2001
Office_Angelica,Office_Angelica.xml,Office,Building Office_Angelica,83660,1973
Office_Morgan,Office_Morgan.xml,Office,Building Office_Morgan,20444,
UnivLab_Adrian,UnivLab_Adrian.xml,Office,Building UnivLab_Adrian,88934,2009
UnivLab_Christy,UnivLab_Christy.xml,Office,Building UnivLab_Christy,28084,1913
Office_Marion,Office_Marion.xml,Office,Building Office_Marion,87131,
UnivLab_Christine,UnivLab_Christine.xml,Office,Building UnivLab_Christine,171008,1930
UnivDorm_Cara,UnivDorm_Cara.xml,Lodging,Building UnivDorm_Cara,169290,2006
UnivClass_Adrienne,UnivClass_Adrienne.xml,Office,Building UnivClass_Adrienne,72102,1970
UnivClass_Nicholas,UnivClass_Nicholas.xml,Office,Building UnivClass_Nicholas,54461,
UnivClass_Nayeli,UnivClass_Nayeli.xml,Office,Building UnivClass_Nayeli,80078,
UnivClass_Carolyn,UnivClass_Carolyn.xml,Office,Building UnivClass_Carolyn,108971,1990
Office_Joni,Office_Joni.xml,Office,Building Office_Joni,57436.1704,
UnivLab_Madelyn,UnivLab_Madelyn.xml,Office,Building UnivLab_Madelyn,184098,
UnivLab_Arianna,UnivLab_Arianna.xml,Office,Building UnivLab_Arianna,137040,1957
UnivLab_Ciel,UnivLab_Ciel.xml,Office,Building UnivLab_Ciel,233863,1921
Office_Paige,Office_Paige.xml,Office,Building Office_Paige,59665,
Office_Martin,Office_Martin.xml,Office,Building Office_Martin,25977,
UnivClass_Clay,UnivClass_Clay.xml,Office,Building UnivClass_Clay,47398,1912
PrimClass_Angel,PrimClass_Angel.xml,Office,Building PrimClass_Angel,10334,
Office_Muhammad,Office_Muhammad.xml,Office,Building Office_Muhammad,92500,
UnivLab_Ali,UnivLab_Ali.xml,Office,Building UnivLab_Ali,65907,1964
Office_Gladys,Office_Gladys.xml,Office,Building Office_Gladys,194805.0622,2000
Office_Stella,Office_Stella.xml,Office,Building Office_Stella,42495.8772,1997
UnivLab_Brad,UnivLab_Brad.xml,Office,Building UnivLab_Brad,124950,1961
Office_Louise,Office_Louise.xml,Office,Building Office_Louise,20909.95214,1987
UnivClass_Noreen,UnivClass_Noreen.xml,Office,Building UnivClass_Noreen,149679,
UnivLab_Mack,UnivLab_Mack.xml,Office,Building UnivLab_Mack,63915,
UnivLab_Mariana,UnivLab_Mariana.xml,Office,Building UnivLab_Mariana,192152,
Office_Guillermo,Office_Guillermo.xml,Office,Building Office_Guillermo,109824.0717,1906
Office_Paulina,Office_Paulina.xml,Office,Building Office_Paulina,104355,
UnivLab_Cayden,UnivLab_Cayden.xml,Office,Building UnivLab_Cayden,74599,1984
Office_Gabriela,Office_Gabriela.xml,Office,Building Office_Gabriela,36704.899,1902
UnivDorm_Pedro,UnivDorm_Pedro.xml,Lodging,Building UnivDorm_Pedro,105791,
UnivLab_Albert,UnivLab_Albert.xml,Office,Building UnivLab_Albert,91273,1951
UnivLab_Alaina,UnivLab_Alaina.xml,Office,Building UnivLab_Alaina,131710,1991
UnivLab_Ana,UnivLab_Ana.xml,Office,Building UnivLab_Ana,89770,
UnivDorm_Constance,UnivDorm_Constance.xml,Lodging,Building UnivDorm_Constance,21168,1928
Office_Carolina,Office_Carolina.xml,Office,Building Office_Carolina,31053,1915
UnivDorm_Cathalina,UnivDorm_Cathalina.xml,Lodging,Building UnivDorm_Cathalina,142901,2007
Office_Noel,Office_Noel.xml,Office,Building Office_Noel,136624,
UnivClass_Anika,UnivClass_Anika.xml,Office,Building UnivClass_Anika,126985,1979
UnivLab_Clodagh,UnivLab_Clodagh.xml,Office,Building UnivLab_Clodagh,28432,1933
UnivLab_Annette,UnivLab_Annette.xml,Office,Building UnivLab_Annette,132518,1992
Office_Alannah,Office_Alannah.xml,Office,Building Office_Alannah,10135,
Office_Aliyah,Office_Aliyah.xml,Office,Building Office_Aliyah,202435,1967
Office_Curt,Office_Curt.xml,Office,Building Office_Curt,157933,1932
UnivDorm_Carey,UnivDorm_Carey.xml,Lodging,Building UnivDorm_Carey,40451,1975
UnivLab_Angie,UnivLab_Angie.xml,Office,Building UnivLab_Angie,9788,
UnivClass_Celia,UnivClass_Celia.xml,Office,Building UnivClass_Celia,105434,2014
Office_Glenn,Office_Glenn.xml,Office,Building Office_Glenn,18503.1441,1937
UnivLab_Andre,UnivLab_Andre.xml,Office,Building UnivLab_Andre,96124,1959
Office_Terrell,Office_Terrell.xml,Office,Building Office_Terrell,17765.81695,
UnivDorm_Laura,UnivDorm_Laura.xml,Lodging,Building UnivDorm_Laura,66660.8327,1930
UnivLab_Mario,UnivLab_Mario.xml,Office,Building UnivLab_Mario,39988,
UnivClass_Aidan,UnivClass_Aidan.xml,Office,Building UnivClass_Aidan,90900,
UnivLab_Annabelle,UnivLab_Annabelle.xml,Office,Building UnivLab_Annabelle,204349,1993
Office_Leland,Office_Leland.xml,Office,Building Office_Leland,30495.20509,1997
UnivClass_Brett,UnivClass_Brett.xml,Office,Building UnivClass_Brett,56886,1953
UnivLab_Caesar,UnivLab_Caesar.xml,Office,Building UnivLab_Caesar,204029,2010
Office_Mikayla,Office_Mikayla.xml,Office,Building Office_Mikayla,102191,
UnivClass_Stephanie,UnivClass_Stephanie.xml,Office,Building UnivClass_Stephanie,64917.0809,2006
UnivLab_Marshall,UnivLab_Marshall.xml,Office,Building UnivLab_Marshall,32256,
Office_Ayden,Office_Ayden.xml,Office,Building Office_Ayden,70832,2014
UnivClass_Cathleen,UnivClass_Cathleen.xml,Office,Building UnivClass_Cathleen,34875,1993
UnivLab_Collin,UnivLab_Collin.xml,Office,Building UnivLab_Collin,98125,2011
UnivDorm_Camila,UnivDorm_Camila.xml,Lodging,Building UnivDorm_Camila,129664,1941
UnivClass_Alejandra,UnivClass_Alejandra.xml,Office,Building UnivClass_Alejandra,140092,
Office_Colby,Office_Colby.xml,Office,Building Office_Colby,110380,1985
Office_Carissa,Office_Carissa.xml,Office,Building Office_Carissa,49553,1963
UnivLab_Peggy,UnivLab_Peggy.xml,Office,Building UnivLab_Peggy,53651,
Office_Paula,Office_Paula.xml,Office,Building Office_Paula,44332,
UnivLab_Marie,UnivLab_Marie.xml,Office,Building UnivLab_Marie,156483,
UnivLab_Suzette,UnivLab_Suzette.xml,Office,Building UnivLab_Suzette,84066.059,1966
UnivLab_Alberto,UnivLab_Alberto.xml,Office,Building UnivLab_Alberto,122592,1971
UnivLab_Aurora,UnivLab_Aurora.xml,Office,Building UnivLab_Aurora,77469,
UnivLab_Lyle,UnivLab_Lyle.xml,Office,Building UnivLab_Lyle,138316.115,1960
UnivLab_Lauren,UnivLab_Lauren.xml,Office,Building UnivLab_Lauren,61203.5354,1989
UnivLab_Ariel,UnivLab_Ariel.xml,Office,Building UnivLab_Ariel,33739,1939
Office_Ashanti,Office_Ashanti.xml,Office,Building Office_Ashanti,70837,2014
UnivClass_Caoimhe,UnivClass_Caoimhe.xml,Office,Building UnivClass_Caoimhe,40311,1913
UnivLab_Cam,UnivLab_Cam.xml,Office,Building UnivLab_Cam,33148,1967
Office_Garman,Office_Garman.xml,Office,Building Office_Garman,150640.7805,1915
UnivLab_Phil,UnivLab_Phil.xml,Office,Building UnivLab_Phil,241324,
Office_Cora,Office_Cora.xml,Office,Building Office_Cora,42755,1866
UnivLab_Ashlee,UnivLab_Ashlee.xml,Office,Building UnivLab_Ashlee,71248,2004
UnivClass_Nash,UnivClass_Nash.xml,Office,Building UnivClass_Nash,123096,
UnivLab_Allan,UnivLab_Allan.xml,Office,Building UnivLab_Allan,219608,1992
UnivLab_Bert,UnivLab_Bert.xml,Office,Building UnivLab_Bert,52839,1942
UnivClass_Chandler,UnivClass_Chandler.xml,Office,Building UnivClass_Chandler,47934,
UnivLab_Callie,UnivLab_Callie.xml,Office,Building UnivLab_Callie,279840,2008
UnivLab_Caitlin,UnivLab_Caitlin.xml,Office,Building UnivLab_Caitlin,20889,1976
UnivLab_Ashlynn,UnivLab_Ashlynn.xml,Office,Building UnivLab_Ashlynn,327256,2012
Office_Mason,Office_Mason.xml,Office,Building Office_Mason,38382,
UnivLab_Alfonso,UnivLab_Alfonso.xml,Office,Building UnivLab_Alfonso,64560,1965
UnivDorm_Alyshialynn,UnivDorm_Alyshialynn.xml,Lodging,Building UnivDorm_Alyshialynn,74682,2006
UnivLab_Amaya,UnivLab_Amaya.xml,Office,Building UnivLab_Amaya,183460,2005
UnivLab_Carol,UnivLab_Carol.xml,Office,Building UnivLab_Carol,131271,2010
Office_Clinton,Office_Clinton.xml,Office,Building Office_Clinton,46981,1962
UnivLab_Ashton,UnivLab_Ashton.xml,Office,Building UnivLab_Ashton,179559,2006
UnivLab_Cory,UnivLab_Cory.xml,Office,Building UnivLab_Cory,160673,1968
UnivLab_Cheyanne,UnivLab_Cheyanne.xml,Office,Building UnivLab_Cheyanne,173983,1986
Office_Paulette,Office_Paulette.xml,Office,Building Office_Paulette,23458,
UnivLab_Amy,UnivLab_Amy.xml,Office,Building UnivLab_Amy,24643,1982
Office_Dawn,Office_Dawn.xml,Office,Building Office_Dawn,83321,1960
Office_Perla,Office_Perla.xml,Office,Building Office_Perla,54597,
Office_Precious,Office_Precious.xml,Office,Building Office_Precious,70042,
Office_Patricia,Office_Patricia.xml,Office,Building Office_Patricia,49990,
UnivLab_Carlton,UnivLab_Carlton.xml,Office,Building UnivLab_Carlton,322341,1995
UnivLab_Camryn,UnivLab_Camryn.xml,Office,Building UnivLab_Camryn,111518,1968
UnivLab_Margret,UnivLab_Margret.xml,Office,Building UnivLab_Margret,37107,
UnivLab_Cecil,UnivLab_Cecil.xml,Office,Building UnivLab_Cecil,125507,1974
Office_Pasquale,Office_Pasquale.xml,Office,Building Office_Pasquale,17879,
UnivLab_Levi,UnivLab_Levi.xml,Office,Building UnivLab_Levi,83043.4885,1991
UnivLab_Patsy,UnivLab_Patsy.xml,Office,Building UnivLab_Patsy,129344,
Office_Bryon,Office_Bryon.xml,Office,Building Office_Bryon,97618,1964
UnivClass_Abby,UnivClass_Abby.xml,Office,Building UnivClass_Abby,9309,1970
UnivLab_Brenna,UnivLab_Brenna.xml,Office,Building UnivLab_Brenna,87216,1964
UnivLab_Audra,UnivLab_Audra.xml,Office,Building UnivLab_Audra,4583,
UnivLab_Lester,UnivLab_Lester.xml,Office,Building UnivLab_Lester,150317.8635,1906
UnivClass_Caitlyn,UnivClass_Caitlyn.xml,Office,Building UnivClass_Caitlyn,33695,1948
UnivLab_Cristian,UnivLab_Cristian.xml,Office,Building UnivLab_Cristian,214505,1990
UnivLab_Carley,UnivLab_Carley.xml,Office,Building UnivLab_Carley,56497,1957
UnivLab_Alina,UnivLab_Alina.xml,Office,Building UnivLab_Alina,49662,1964
UnivLab_Allison,UnivLab_Allison.xml,Office,Building UnivLab_Allison,4689,2005
UnivLab_Peyton,UnivLab_Peyton.xml,Office,Building UnivLab_Peyton,250000,
Office_Marcia,Office_Marcia.xml,Office,Building Office_Marcia,62837,
UnivLab_Aine,UnivLab_Aine.xml,Office,Building UnivLab_Aine,48411,
UnivLab_Santiago,UnivLab_Santiago.xml,Office,Building UnivLab_Santiago,107585.1805,2010
UnivLab_Anita,UnivLab_Anita.xml,Office,Building UnivLab_Anita,151637,1983
UnivLab_Parker,UnivLab_Parker.xml,Office,Building UnivLab_Parker,46813,
UnivLab_Lee,UnivLab_Lee.xml,Office,Building UnivLab_Lee,37264.6218,1800
Office_Dorian,Office_Dorian.xml,Office,Building Office_Dorian,111077,1994
Office_Shelly,Office_Shelly.xml,Office,Building Office_Shelly,15812.1691,
UnivLab_Alisa,UnivLab_Alisa.xml,Office,Building UnivLab_Alisa,193294,2006
UnivLab_Louie,UnivLab_Louie.xml,Office,Building UnivLab_Louie,21538.5639,2004
UnivLab_Priscilla,UnivLab_Priscilla.xml,Office,Building UnivLab_Priscilla,35990,
UnivLab_Patrick,UnivLab_Patrick.xml,Office,Building UnivLab_Patrick,75929,
UnivDorm_Adriana,UnivDorm_Adriana.xml,Lodging,Building UnivDorm_Adriana,63348,2007
UnivLab_Carole,UnivLab_Carole.xml,Office,Building UnivLab_Carole,149762,2004
UnivLab_Paris,UnivLab_Paris.xml,Office,Building UnivLab_Paris,120836,
Office_Pauline,Office_Pauline.xml,Office,Building Office_Pauline,41337,
UnivLab_Dianna,UnivLab_Dianna.xml,Office,Building UnivLab_Dianna,153700,1990
UnivDorm_Cecilia,UnivDorm_Cecilia.xml,Lodging,Building UnivDorm_Cecilia,29775,2001
Office_Luann,Office_Luann.xml,Office,Building Office_Luann,65656.56083,1955
Office_Milton,Office_Milton.xml,Office,Building Office_Milton,105167,
Office_Lane,Office_Lane.xml,Office,Building Office_Lane,34455.2439,1907
Office_Cameron,Office_Cameron.xml,Office,Building Office_Cameron,53303,1981
UnivLab_Lea,UnivLab_Lea.xml,Office,Building UnivLab_Lea,16802.4479,1995
UnivLab_Carlos,UnivLab_Carlos.xml,Office,Building UnivLab_Carlos,30143,1951
UnivLab_Aoife,UnivLab_Aoife.xml,Office,Building UnivLab_Aoife,261188,
